WIKI/AAPL,"Apple Inc (AAPL) Prices, Dividends, Splits and Trading Volume"
WIKI/ABC,"AmerisourceBergen Corp. (ABC) Prices, Dividends, Splits and Trading Volume"
WIKI/AA,"Alcoa Inc. (AA) Prices, Dividends, Splits and Trading Volume"
WIKI/ABBV,"AbbVie Inc. (ABBV) Prices, Dividends, Splits and Trading Volume"
WIKI/ACE,"ACE Ltd (ACE) Prices, Dividends, Splits and Trading Volume"
WIKI/AGN,"Allergan Inc. (AGN) Prices, Dividends, Splits and Trading Volume"
WIKI/ADP,"Automatic Data Processing Inc. (ADP) Prices, Dividends, Splits and Trading Volume"
WIKI/ADSK,"Autodesk Inc. (ADSK) Prices, Dividends, Splits and Trading Volume"
WIKI/ABT,"Abbott Laboratories (ABT) Prices, Dividends, Splits and Trading Volume"
WIKI/AEE,"Ameren Corp. (AEE) Prices, Dividends, Splits and Trading Volume"
WIKI/ACN,"Accenture plc (ACN) Prices, Dividends, Splits and Trading Volume"
WIKI/AEP,"American Electric Power Company (AEP) Prices, Dividends, Splits and Trading Volume"
WIKI/ADBE,"Adobe Systems Incorporated (ADBE) Prices, Dividends, Splits and Trading Volume"
WIKI/AET,"Aetna Inc. (AET) Prices, Dividends, Splits and Trading Volume"
WIKI/ADI,"Analog Devices Inc. (ADI) Prices, Dividends, Splits and Trading Volume"
WIKI/ADM,"Archer Daniels Midland Co. (ADM) Prices, Dividends, Splits and Trading Volume"
WIKI/ADS,"Alliance Data Systems Corp. (ADS) Prices, Dividends, Splits and Trading Volume"
WIKI/AIV,"Apartment Investment & Management Co. (AIV) Prices, Dividends, Splits and Trading Volume"
WIKI/ADT,"ADT Corp (ADT) Prices, Dividends, Splits and Trading Volume"
WIKI/ALL,"Allstate Corp. (ALL) Prices, Dividends, Splits and Trading Volume"
WIKI/AES,"AES Corp. (AES) Prices, Dividends, Splits and Trading Volume"
WIKI/ALTR,"Altera Corporation (ALTR) Prices, Dividends, Splits and Trading Volume"

